{"cameraMode":{"drawMode":0,"name":"Shaded","section":"Shading Mode"},"sceneLighting":false,"audioPlay":false,"sceneViewState":{"m_AlwaysRefresh":false,"showFog":true,"showSkybox":false,"showFlares":true,"showImageEffects":true,"showParticleSystems":true,"showVisualEffectGraphs":true,"m_FxEnabled":true},"in2DMode":false,"pivot":{"x":1.4901161193847657e-7,"y":0.5447206497192383,"z":-0.20599603652954102},"rotation":{"x":-0.12829157710075379,"y":0.10008234530687332,"z":-0.013014226220548153,"w":-0.9865893125534058},"size":2.634161949157715,"orthographic":false}